SNP	CHR	ld_start	ld_end
rs6656401	1	207505962	207633385
rs10166461	2	127084354	127126547
rs117618017	15	63277703	63303679
rs7384878	7	100334426	100494172
rs6605556	6	32592700	32636679
rs4292	17	63468418	63482264
rs2906657	7	100334426	100386466
rs6586028	10	80489996	80524756
rs62375397	5	86927378	87079937
rs7737911	5	86885886	87079937
rs57402520	17	5214511	5365888
rs9349413	6	47459545	47622740
rs6540874	1	207195244	207235624
rs5848	17	44352876	44352876
rs34173062	8	144103704	144103704
rs9394766	6	41173246	41192167
rs11500477	11	47356694	47440589
rs113706587	5	180196966	180207615
rs9323877	14	92460954	92470276
rs1140239	16	30007399	30105932
rs602602	15	58685498	58790585
rs56407236	16	90103687	90103687
rs2858331	6	32713500	32713500
rs2250583	15	58685498	58790585
rs934631	17	5079385	5208705
rs3822030	4	990916	993555
rs78924645	16	31106377	31144137
rs9939286	16	31150982	31155858
rs3824869	11	47355732	47440589
rs74504435	7	54853213	54899045
rs199456	17	46708970	46784981
rs469420	21	26160704	26190786
rs1065712	8	11844613	11844613
rs199515	17	46709946	46785247
rs2680700	17	58354188	58363181
rs2070902	1	161189357	161217875
rs4575098	1	161185602	161186243
rs55760005	16	29947201	29982582
rs1693551	8	100661037	100668935
rs67250450	7	28114596	28138643
rs242561	17	45949182	45949182
