SNP	CHR	BP	A2	A1	BETA	P
rs747519137	19.0	44909521.0	CT	C	1.0485	0.0
rs6733839	2.0	127135234.0	C	T	0.1686	6.479999999999999e-90
rs10792832	11.0	86156833.0	A	G	0.1056	6.334e-36
rs867230	8.0	27610986.0	C	A	0.1009	1.495e-33
rs187370608	6.0	40974457.0	G	A	0.866	1.017e-27
rs1137776	19.0	1059244.0	T	A	0.14	4.719e-22
rs117618017	15.0	63277703.0	C	T	0.113	1.746e-21
rs117034857	19.0	45456064.0	G	A	0.882	4.252e-21
rs1562990	11.0	60255614.0	C	A	0.0766	1.787e-20
rs7384878	7.0	100334426.0	C	T	0.0775	2.133e-18
rs10933431	2.0	233117202.0	G	C	0.0852	1.043e-17
rs4292	17.0	63476980.0	C	T	0.0688	3.474e-16
rs6586028	10.0	80494228.0	C	T	0.0791	1.329e-14
rs62375397	5.0	87002714.0	C	T	0.0746	8.579e-14
rs57402520	17.0	5236512.0	G	A	0.0905	6.585e-13
rs4373155	4.0	11021175.0	T	G	0.0651	1.504e-12
rs9349413	6.0	47543755.0	A	G	0.0649	1.605e-12
rs6540874	1.0	207221638.0	T	C	0.0706	1.7e-12
rs5848	17.0	44352876.0	C	T	0.0646	1.756e-12
rs373043655	19.0	44388844.0	C	T	0.199	2.137e-12
rs12444183	16.0	81739604.0	A	G	0.0591	2.207e-12
rs7912495	10.0	11676714.0	A	G	0.0572	2.866e-12
rs34173062	8.0	144103704.0	G	A	0.1139	2.934e-12
rs11500477	11.0	47387500.0	T	A	0.0585	3.277e-12
rs113706587	5.0	180201150.0	G	A	0.0925	3.38e-12
rs9323877	14.0	92467925.0	A	G	0.0653	3.975e-12
rs56407236	16.0	90103687.0	G	A	0.1097	1.283e-11
rs143080277	2.0	105749599.0	T	C	0.3915	7.885e-11
rs74685827	11.0	121482368.0	T	G	0.1964	8.628e-11
rs2858331	6.0	32713500.0	A	G	0.0544	8.757e-11
rs2250583	15.0	58758183.0	C	T	0.0579	9.295e-11
rs57457497	7.0	143403420.0	CT	C	0.054	1.564e-10
rs28577986	14.0	105733895.0	G	A	0.0698	3.38e-10
rs3822030	4.0	993555.0	G	T	0.0514	5.036e-10
rs138799625	15.0	49972642.0	C	T	0.2866	5.117e-10
rs17125924	14.0	52924962.0	A	G	0.0881	5.819e-10
rs9939286	16.0	31150982.0	T	G	0.0538	8.504e-10
rs2154481	21.0	26101558.0	C	T	0.05	1.017e-09
rs34636042	8.0	94987509.0	C	CA	0.0502	1.819e-09
rs12984029	19.0	54265512.0	G	A	0.0619	3.159e-09
rs1065712	8.0	11844613.0	G	C	0.1081	5.462e-09
rs199515	17.0	46779275.0	G	C	0.0576	5.97e-09
rs7068231	10.0	60025170.0	T	G	0.0487	6.789e-09
rs1799777	9.0	104903754.0	G	GC	0.0708	9.538e-09
rs4575098	1.0	161185602.0	G	A	0.0539	1.333e-08
rs74745468	14.0	39418472.0	G	A	0.0822	1.396e-08
rs55760005	16.0	29947201.0	A	G	0.052	1.423e-08
rs1693551	8.0	100663356.0	T	C	0.0459	1.785e-08
rs61762319	3.0	155084189.0	A	G	0.143	2.142e-08
rs34886670	6.0	114386251.0	CTT	C	0.048	2.78e-08
rs2830510	21.0	26788827.0	T	C	0.0489	3.644e-08
rs12462098	19.0	43659073.0	T	G	0.6403	3.664e-08
rs242561	17.0	45949182.0	T	C	0.0538	4.435e-08
