SNP	CHR	BP	P	BETA	A1	A2	eGene	eQTL_P_Value	tissue
rs6656401	1.0	207518704.0	2.837e-33	-0.1253	G	A	ENSG00000203710	2.20042e-09	Cortex
rs6656401	1.0	207518704.0	2.837e-33	-0.1253	G	A	ENSG00000203710	2.50869e-09	Caudate_basal_ganglia
rs6656401	1.0	207518704.0	2.837e-33	-0.1253	G	A	ENSG00000203710	4.44378e-06	Nucleus_accumbens_basal_ganglia
rs6656401	1.0	207518704.0	2.837e-33	-0.1253	G	A	ENSG00000203710	7.35486e-06	Putamen_basal_ganglia
rs6656401	1.0	207518704.0	2.837e-33	-0.1253	G	A	ENSG00000203710	1.95234e-05	Frontal_Cortex_BA9
rs6656401	1.0	207518704.0	2.837e-33	-0.1253	G	A	ENSG00000203710	3.08552e-05	Hippocampus
rs10166461	2.0	127101837.0	3.3160000000000003e-25	-0.1077	A	G	ENSG00000136717	7.4017e-05	Cerebellar_Hemisphere
rs7384878	7.0	100334426.0	2.133e-18	0.0775	T	C	ENSG00000213413	3.4499e-10	Caudate_basal_ganglia
rs7384878	7.0	100334426.0	2.133e-18	0.0775	T	C	ENSG00000106351	1.71342e-09	Cerebellum
rs7384878	7.0	100334426.0	2.133e-18	0.0775	T	C	ENSG00000213413	6.84598e-08	Nucleus_accumbens_basal_ganglia
rs7384878	7.0	100334426.0	2.133e-18	0.0775	T	C	ENSG00000213413	1.07282e-07	Amygdala
rs7384878	7.0	100334426.0	2.133e-18	0.0775	T	C	ENSG00000213413	1.57013e-07	Cerebellum
rs7384878	7.0	100334426.0	2.133e-18	0.0775	T	C	ENSG00000213413	1.6168e-07	Putamen_basal_ganglia
rs7384878	7.0	100334426.0	2.133e-18	0.0775	T	C	ENSG00000213413	9.45179e-07	Cortex
rs7384878	7.0	100334426.0	2.133e-18	0.0775	T	C	ENSG00000160862	1.32919e-06	Cortex
rs7384878	7.0	100334426.0	2.133e-18	0.0775	T	C	ENSG00000221838	1.56712e-06	Nucleus_accumbens_basal_ganglia
rs7384878	7.0	100334426.0	2.133e-18	0.0775	T	C	ENSG00000213413	2.82897e-06	Frontal_Cortex_BA9
rs7384878	7.0	100334426.0	2.133e-18	0.0775	T	C	ENSG00000213413	3.13067e-06	Hippocampus
rs7384878	7.0	100334426.0	2.133e-18	0.0775	T	C	ENSG00000213413	5.10055e-06	Hypothalamus
rs7384878	7.0	100334426.0	2.133e-18	0.0775	T	C	ENSG00000213413	7.73679e-06	Cerebellar_Hemisphere
rs7384878	7.0	100334426.0	2.133e-18	0.0775	T	C	ENSG00000172354	3.36044e-05	Cerebellum
rs7384878	7.0	100334426.0	2.133e-18	0.0775	T	C	ENSG00000221838	8.70311e-05	Frontal_Cortex_BA9
rs6605556	6.0	32615322.0	1.049e-17	-0.0975	G	A	ENSG00000237541	2.2072600000000002e-23	Nucleus_accumbens_basal_ganglia
rs6605556	6.0	32615322.0	1.049e-17	-0.0975	G	A	ENSG00000237541	1.5003399999999998e-20	Caudate_basal_ganglia
rs6605556	6.0	32615322.0	1.049e-17	-0.0975	G	A	ENSG00000237541	4.7051e-18	Hypothalamus
rs6605556	6.0	32615322.0	1.049e-17	-0.0975	G	A	ENSG00000237541	7.28425e-18	Frontal_Cortex_BA9
rs6605556	6.0	32615322.0	1.049e-17	-0.0975	G	A	ENSG00000237541	2.05582e-16	Putamen_basal_ganglia
rs6605556	6.0	32615322.0	1.049e-17	-0.0975	G	A	ENSG00000237541	3.98276e-16	Cortex
rs6605556	6.0	32615322.0	1.049e-17	-0.0975	G	A	ENSG00000237541	4.05072e-16	Cerebellum
rs6605556	6.0	32615322.0	1.049e-17	-0.0975	G	A	ENSG00000237541	8.15486e-16	Amygdala
rs6605556	6.0	32615322.0	1.049e-17	-0.0975	G	A	ENSG00000237541	8.16027e-15	Hippocampus
rs6605556	6.0	32615322.0	1.049e-17	-0.0975	G	A	ENSG00000237541	1.86921e-14	Cerebellar_Hemisphere
rs6605556	6.0	32615322.0	1.049e-17	-0.0975	G	A	ENSG00000237541	8.19519e-14	Anterior_cingulate_cortex_BA24
rs6605556	6.0	32615322.0	1.049e-17	-0.0975	G	A	ENSG00000237541	1.77449e-13	Spinal_cord_cervical_c-1
rs6605556	6.0	32615322.0	1.049e-17	-0.0975	G	A	ENSG00000229391	9.95911e-12	Caudate_basal_ganglia
rs6605556	6.0	32615322.0	1.049e-17	-0.0975	G	A	ENSG00000237541	3.53652e-11	Substantia_nigra
rs6605556	6.0	32615322.0	1.049e-17	-0.0975	G	A	ENSG00000196126	5.28523e-11	Anterior_cingulate_cortex_BA24
rs6605556	6.0	32615322.0	1.049e-17	-0.0975	G	A	ENSG00000229391	6.89508e-11	Nucleus_accumbens_basal_ganglia
rs6605556	6.0	32615322.0	1.049e-17	-0.0975	G	A	ENSG00000229391	2.38447e-10	Frontal_Cortex_BA9
rs6605556	6.0	32615322.0	1.049e-17	-0.0975	G	A	ENSG00000229391	2.50179e-10	Spinal_cord_cervical_c-1
rs6605556	6.0	32615322.0	1.049e-17	-0.0975	G	A	ENSG00000229391	2.68429e-10	Hypothalamus
rs6605556	6.0	32615322.0	1.049e-17	-0.0975	G	A	ENSG00000229391	4.58981e-10	Cerebellum
rs6605556	6.0	32615322.0	1.049e-17	-0.0975	G	A	ENSG00000229391	4.68273e-10	Cerebellar_Hemisphere
rs6605556	6.0	32615322.0	1.049e-17	-0.0975	G	A	ENSG00000229391	7.22638e-09	Putamen_basal_ganglia
rs6605556	6.0	32615322.0	1.049e-17	-0.0975	G	A	ENSG00000229391	9.72053e-09	Hippocampus
rs6605556	6.0	32615322.0	1.049e-17	-0.0975	G	A	ENSG00000196126	1.19339e-08	Cortex
rs6605556	6.0	32615322.0	1.049e-17	-0.0975	G	A	ENSG00000229391	1.54233e-08	Anterior_cingulate_cortex_BA24
rs6605556	6.0	32615322.0	1.049e-17	-0.0975	G	A	ENSG00000232629	2.56162e-08	Hippocampus
rs6605556	6.0	32615322.0	1.049e-17	-0.0975	G	A	ENSG00000229391	2.11282e-07	Cortex
rs6605556	6.0	32615322.0	1.049e-17	-0.0975	G	A	ENSG00000229391	4.91463e-07	Amygdala
rs6605556	6.0	32615322.0	1.049e-17	-0.0975	G	A	ENSG00000232629	1.01309e-06	Cortex
rs6605556	6.0	32615322.0	1.049e-17	-0.0975	G	A	ENSG00000229391	1.41608e-06	Substantia_nigra
rs6605556	6.0	32615322.0	1.049e-17	-0.0975	G	A	ENSG00000196126	4.79069e-06	Cerebellum
rs6605556	6.0	32615322.0	1.049e-17	-0.0975	G	A	ENSG00000232629	5.61613e-06	Nucleus_accumbens_basal_ganglia
rs6605556	6.0	32615322.0	1.049e-17	-0.0975	G	A	ENSG00000196126	6.59927e-06	Putamen_basal_ganglia
rs6605556	6.0	32615322.0	1.049e-17	-0.0975	G	A	ENSG00000179344	7.30882e-06	Cerebellum
rs6605556	6.0	32615322.0	1.049e-17	-0.0975	G	A	ENSG00000196126	1.39046e-05	Substantia_nigra
rs6605556	6.0	32615322.0	1.049e-17	-0.0975	G	A	ENSG00000196126	1.46666e-05	Frontal_Cortex_BA9
rs6605556	6.0	32615322.0	1.049e-17	-0.0975	G	A	ENSG00000196126	1.68885e-05	Cerebellar_Hemisphere
rs6605556	6.0	32615322.0	1.049e-17	-0.0975	G	A	ENSG00000196126	1.98119e-05	Caudate_basal_ganglia
rs6605556	6.0	32615322.0	1.049e-17	-0.0975	G	A	ENSG00000232629	2.17558e-05	Spinal_cord_cervical_c-1
rs6605556	6.0	32615322.0	1.049e-17	-0.0975	G	A	ENSG00000196126	2.3072e-05	Hypothalamus
rs6605556	6.0	32615322.0	1.049e-17	-0.0975	G	A	ENSG00000179344	3.13006e-05	Caudate_basal_ganglia
rs6605556	6.0	32615322.0	1.049e-17	-0.0975	G	A	ENSG00000232629	3.54263e-05	Hypothalamus
rs6605556	6.0	32615322.0	1.049e-17	-0.0975	G	A	ENSG00000179344	5.56289e-05	Putamen_basal_ganglia
rs6605556	6.0	32615322.0	1.049e-17	-0.0975	G	A	ENSG00000196126	6.77536e-05	Nucleus_accumbens_basal_ganglia
rs2906657	7.0	100386466.0	1.442e-15	-0.0709	C	T	ENSG00000213413	4.48894e-07	Caudate_basal_ganglia
rs2906657	7.0	100386466.0	1.442e-15	-0.0709	C	T	ENSG00000213413	6.64162e-07	Nucleus_accumbens_basal_ganglia
rs2906657	7.0	100386466.0	1.442e-15	-0.0709	C	T	ENSG00000213413	1.19765e-06	Amygdala
rs2906657	7.0	100386466.0	1.442e-15	-0.0709	C	T	ENSG00000213413	1.56509e-05	Putamen_basal_ganglia
rs2906657	7.0	100386466.0	1.442e-15	-0.0709	C	T	ENSG00000213413	2.89781e-05	Cortex
rs2906657	7.0	100386466.0	1.442e-15	-0.0709	C	T	ENSG00000160862	7.66803e-05	Cortex
rs2906657	7.0	100386466.0	1.442e-15	-0.0709	C	T	ENSG00000213413	8.48716e-05	Cerebellum
rs6540874	1.0	207221638.0	1.7e-12	0.0706	C	T	ENSG00000203710	2.98672e-05	Hippocampus
rs6540874	1.0	207221638.0	1.7e-12	0.0706	C	T	ENSG00000203710	3.54453e-05	Caudate_basal_ganglia
rs11500477	11.0	47387500.0	3.277e-12	0.0585	A	T	ENSG00000255197	5.3746e-08	Cerebellar_Hemisphere
rs11500477	11.0	47387500.0	3.277e-12	0.0585	A	T	ENSG00000255197	5.7563e-07	Cerebellum
rs113706587	5.0	180201150.0	3.38e-12	0.0925	A	G	ENSG00000146090	6.63354e-06	Caudate_basal_ganglia
rs9323877	14.0	92467925.0	3.975e-12	0.0653	G	A	ENSG00000100599	2.2592e-05	Cerebellar_Hemisphere
rs1140239	16.0	30010081.0	4.613e-12	-0.0592	T	C	ENSG00000169592	1.13363e-10	Cerebellar_Hemisphere
rs1140239	16.0	30010081.0	4.613e-12	-0.0592	T	C	ENSG00000169592	1.19002e-10	Cerebellum
rs1140239	16.0	30010081.0	4.613e-12	-0.0592	T	C	ENSG00000149922	4.25115e-07	Cortex
rs1140239	16.0	30010081.0	4.613e-12	-0.0592	T	C	ENSG00000169592	1.19253e-06	Cortex
rs1140239	16.0	30010081.0	4.613e-12	-0.0592	T	C	ENSG00000169592	2.97366e-06	Putamen_basal_ganglia
rs1140239	16.0	30010081.0	4.613e-12	-0.0592	T	C	ENSG00000169592	9.46191e-06	Caudate_basal_ganglia
rs1140239	16.0	30010081.0	4.613e-12	-0.0592	T	C	ENSG00000169592	2.97637e-05	Frontal_Cortex_BA9
rs1140239	16.0	30010081.0	4.613e-12	-0.0592	T	C	ENSG00000169592	7.41952e-05	Anterior_cingulate_cortex_BA24
rs1140239	16.0	30010081.0	4.613e-12	-0.0592	T	C	ENSG00000149922	9.88694e-05	Caudate_basal_ganglia
rs1140239	16.0	30010081.0	4.613e-12	-0.0592	T	C	ENSG00000169592	9.92268e-05	Nucleus_accumbens_basal_ganglia
rs602602	15.0	58764824.0	9.654e-12	-0.062	A	T	ENSG00000245975	9.07369e-06	Substantia_nigra
rs602602	15.0	58764824.0	9.654e-12	-0.062	A	T	ENSG00000245975	1.90152e-05	Hippocampus
rs2858331	6.0	32713500.0	8.757e-11	0.0544	G	A	ENSG00000223534	1.29747e-05	Caudate_basal_ganglia
rs2250583	15.0	58758183.0	9.295e-11	0.0579	T	C	ENSG00000245975	6.93015e-06	Hippocampus
rs934631	17.0	5172543.0	2.491e-10	-0.0816	A	C	ENSG00000108556	2.82214e-10	Cortex
rs934631	17.0	5172543.0	2.491e-10	-0.0816	A	C	ENSG00000108556	3.60664e-06	Anterior_cingulate_cortex_BA24
rs934631	17.0	5172543.0	2.491e-10	-0.0816	A	C	ENSG00000108556	1.02386e-05	Nucleus_accumbens_basal_ganglia
rs78924645	16.0	31143037.0	7.711e-10	-0.0565	A	G	ENSG00000275263	5.66001e-05	Anterior_cingulate_cortex_BA24
rs3824869	11.0	47356694.0	1.07e-09	-0.0514	C	T	ENSG00000255197	5.91563e-09	Cerebellar_Hemisphere
rs3824869	11.0	47356694.0	1.07e-09	-0.0514	C	T	ENSG00000255197	4.19734e-06	Cerebellum
rs3824869	11.0	47356694.0	1.07e-09	-0.0514	C	T	ENSG00000165915	8.40084e-05	Cerebellum
rs74504435	7.0	54881563.0	2.046e-09	-0.0842	G	A	ENSG00000146648	2.34762e-13	Cortex
rs74504435	7.0	54881563.0	2.046e-09	-0.0842	G	A	ENSG00000146648	1.73735e-09	Cerebellum
rs74504435	7.0	54881563.0	2.046e-09	-0.0842	G	A	ENSG00000146648	4.03544e-07	Caudate_basal_ganglia
rs74504435	7.0	54881563.0	2.046e-09	-0.0842	G	A	ENSG00000146648	1.34129e-06	Cerebellar_Hemisphere
rs74504435	7.0	54881563.0	2.046e-09	-0.0842	G	A	ENSG00000146648	2.29271e-06	Anterior_cingulate_cortex_BA24
rs74504435	7.0	54881563.0	2.046e-09	-0.0842	G	A	ENSG00000146648	2.54422e-05	Frontal_Cortex_BA9
rs74504435	7.0	54881563.0	2.046e-09	-0.0842	G	A	ENSG00000146648	3.96644e-05	Putamen_basal_ganglia
rs55760005	16.0	29947201.0	1.423e-08	0.052	G	A	ENSG00000169592	6.43041e-07	Cerebellar_Hemisphere
rs55760005	16.0	29947201.0	1.423e-08	0.052	G	A	ENSG00000169592	1.13195e-06	Cortex
rs55760005	16.0	29947201.0	1.423e-08	0.052	G	A	ENSG00000169592	1.13557e-06	Cerebellum
rs55760005	16.0	29947201.0	1.423e-08	0.052	G	A	ENSG00000169592	4.53905e-05	Caudate_basal_ganglia
rs242561	17.0	45949182.0	4.435e-08	0.0538	C	T	ENSG00000264589	1.71081e-19	Nucleus_accumbens_basal_ganglia
rs242561	17.0	45949182.0	4.435e-08	0.0538	C	T	ENSG00000264589	1.78797e-15	Hypothalamus
rs242561	17.0	45949182.0	4.435e-08	0.0538	C	T	ENSG00000264589	6.11029e-10	Caudate_basal_ganglia
rs242561	17.0	45949182.0	4.435e-08	0.0538	C	T	ENSG00000264589	1.01435e-09	Spinal_cord_cervical_c-1
rs242561	17.0	45949182.0	4.435e-08	0.0538	C	T	ENSG00000279685	2.51459e-08	Cerebellum
rs242561	17.0	45949182.0	4.435e-08	0.0538	C	T	ENSG00000264589	9.60969e-07	Putamen_basal_ganglia
rs242561	17.0	45949182.0	4.435e-08	0.0538	C	T	ENSG00000186868	1.81665e-06	Cerebellum
rs242561	17.0	45949182.0	4.435e-08	0.0538	C	T	ENSG00000264589	2.4882e-06	Cerebellar_Hemisphere
rs242561	17.0	45949182.0	4.435e-08	0.0538	C	T	ENSG00000264589	2.90629e-05	Hippocampus
rs242561	17.0	45949182.0	4.435e-08	0.0538	C	T	ENSG00000186868	6.66998e-05	Caudate_basal_ganglia
