SNP	BETA
rs139644294	-0.2252
rs6656401	-0.1253
rs12151021	-0.1055
rs10166461	-0.1077
rs1582763	-0.086
rs6605556	-0.0975
rs11769559	-0.0695
rs6014724	-0.1176
rs2906657	-0.0709
rs12590654	-0.0693
rs4944549	-0.0916
rs11218343	-0.1654
rs2640724	-0.0728
rs6846529	-0.0673
rs7737911	-0.0728
rs1385742	-0.0624
rs616338	-0.2944
rs74222529	-0.059
rs9394766	-0.0616
rs1140239	-0.0592
rs4330	-0.0565
rs602602	-0.062
rs9931998	-0.0603
rs7225002	-0.0537
rs934631	-0.0816
rs35255119	-0.0602
rs78924645	-0.0565
rs3824869	-0.0514
rs2830489	-0.0547
rs74504435	-0.0842
rs8009444	-0.0663
rs199456	-0.0593
rs469420	-0.0486
rs6572868	-0.0799
rs149080927	-0.0535
rs2680700	-0.0482
rs2070902	-0.0537
rs67250450	-0.0559
rs10994096	-0.0463
rs2009833	-0.0478
rs3740204	-0.0496
rs587709	-0.0548
